dataset, OLSE (a ; b),  GLSE (a ; b)
1,-0.26952650609; 0.880808786116,-0.644550304385; 0.916053349012
2,-0.395853392601; 1.28560303348,-0.173944715222; 1.178768718
3,4.17515500126; -0.537849568852,1.47950288982; -0.47679225064
4,1.14813131855; 0.633375550627,0.885131974951; -0.705240599753
5,-0.241304630759; -1.33306888476,-0.241304630759; -1.33306888476
